"Id";"Name";"Regexp";"Lg Min";"Lg Max";"Values"
"Type_Alphanumeric_1-10";"Alphanumeric";;1;10;
"Type_Alphanumeric_1-80";"Alphanumeric";;1;80;
"Type_Alphanumeric_16-31";"Alphanumeric";;16;31;
"Type_Alphanumeric_1-100";"Alphanumeric";;1;100;
"Type_Alphanumeric_1-65";"Alphanumeric";;1;65;
"Datatype_temporaire";"Alphanumeric";;1;100;
"Type_Alphanumeric_1-15";"Alphanumeric";;1;15;
"Type_Alphanumeric_14-14";"Alphanumeric";;14;14;
"Type_Alphanumeric_1-20";"Alphanumeric";;1;20;
"Type_Alphanumeric_1_3_regex";"Alphanumeric";"[1-9][0-9]*";1;3;
"Type_Alphanumeric_5-5_regex";"Alphanumeric";"[1-9][0-9]*";1;3;
"Type_Alphanumeric_5-5_regex2";"Alphanumeric";"[0-9]*[1-9][0-9]*";5;5;
"DSN_Ref_Ops";"Enumeration";;2;2;"01=Référentiel externe"
"DSN_CodeCotis";"ExternalReferential";;3;3;
"DSN_PCSE_2_6";"ExternalReferential";;2;6;
"DSN_CodeINSEECommune";"ExternalReferential";;5;5;
"DSN_CodeINSEECommune_Postal";"ExternalReferential";;5;5;
"Type_Alphanumeric_1-30";"Alphanumeric";;1;30;
"N4DS_Adresse";"Alphanumeric";;1;50;
"Type_Alphanumeric_1-60";"Alphanumeric";;1;60;
"Identite_Base_1-80";"Alphanumeric";;1;80;
"Telephone";"Alphanumeric";;10;20;
"Identite_1-15";"Numeric";;1;15;
"Type_Alphanumeric_2-60";"Alphanumeric";;2;60;
"Type_Alphanumeric_12_12";"Alphanumeric";;12;12;
"Type_Alphanumeric_1_12";"Alphanumeric";;1;12;
"Type_Alphanumeric_1_6";"Alphanumeric";"[1-9]{0,5}[0-9]";1;6;
"Mode_depot_1_6";"Alphanumeric";"[A-Za-z]*";1;6;
"Type_Alphanumeric_6_6";"Alphanumeric";;6;6;
"Type_Alphanumeric_4_4";"Alphanumeric";;4;4;
"Type_Alphanumeric_5-20";"Alphanumeric";;5;20;
"Type_Alphanumeric_5-5";"Alphanumeric";;5;5;
"Type_Alphanumeric_4_7";"Alphanumeric";;4;7;
"Type_GestionAC";"Enumeration";;2;2;"01=employeur en auto-assurance;02=employeur ayant conclu une convention de gestion;03=employeur ayant adhéré au régime d'Assurance chômage"
"Type_Alphanumeric_5-9";"Alphanumeric";;5;9;
"N4DS_Email_6-100";"Alphanumeric";;6;100;
"N4DS_Essai";"Enumeration";;2;2;"01=envoi fichier test;02=envoi fichier réel"
"Type_Alphanumeric_9-9";"Alphanumeric";;9;9;
"Type_Alphanumeric_9-9_regex";"Alphanumeric";"[0-9]*[1-9][0-9]*";9;9;
"Type_Alphanumeric_2-14";"Alphanumeric";;2;14;
"Type_Alphanumeric_2-15";"Alphanumeric";;2;15;
"Montant_ZNS_4_12_2_N";"Numeric";"-?[0]*([1-9][0-9]*\.[0-9]{2}|0\.(0[1-9]|[1-9][0-9]))";4;12;
"PCS-ESE_Complement_DSN_phase_1";"Enumeration";;2;6;"06=représentant exclusif;07=représentant multicarte;37=cadet de golf;C643=coursier;L643=chauffeurs livreurs;NP352=journaliste non professionnel (sans carte de presse);P352=journaliste professionnel (avec carte de presse);08=autre représentant;38=agent immobilier rémunéré à la commission;39=maîtres et documentalistes de l'enseignement privé;40=colporteurs de presse;42=autres populations du spectacle;999SPT=emploi permanent du spectacle, autres emplois du spectacle;49=dockers avec carte G;50=mannequin;51=artiste de corrida;52=chauffeur de taxi locataire de son véhicule;53=interprète de conférence;C389M=cadres navigants commerciaux taux majoré;C389N=cadres navigants commerciaux taux normal;T389M=cadres navigants techniques taux majoré ;T389N=cadres navigants techniques taux normal;546DM=hôtesses ou stewards taux majoré;546DN=hôtesses ou stewards taux normal"
"PCS-ESE_Complement_DSN_phase_3";"ExternalReferential";;2;6;
"Montant_ZNS_4_18_2_N_Z";"Numeric";"-?[0]*(0|[1-9][0-9]*)\.[0-9]{2}";4;18;
"DSN_Unite_Mesure";"Enumeration";;2;2;"10=heure;12=journée;20=forfait jour;21=forfait heure;31=à la pige;32=à la vacation;33=à la tâche;35=heures de répétition ;36=cachets groupés;37=cachets isolés;38=jour CRPNPAC"
"Quantite_ZNS_4_7_2_N_Z";"Numeric";"-?[0]*(0|[1-9][0-9]*)\.[0-9]{2}";4;7;
"Date_Numeric";"Numeric";"[0-9]{8}";8;8;
"Date_JJMMAAAA_20";"Date";"(0[1-9]|[1-2][0-9]|3[0-1])(0[1-9]|1[0-2])(20)[0-9]{2}";8;8;
"Date_JJMMAAAA_20_21";"Date";"(0[1-9]|[1-2][0-9]|3[0-1])(0[1-9]|1[0-2])(19|20)[0-9]{2}";8;8;
"Date_JJMMAAAA_Mois_Declare";"Date";"(01)(0[1-9]|1[0-2])(20)[0-9]{2}";8;8;
"ROB_Extension";"Enumeration";;2;2;"01=régime local Alsace Moselle;02=complémentaire CAMIEG;03=régime Alsace-Moselle et Complémentaire CAMIEG;99=non applicable"
"Nombre_ZNS_1_2";"Numeric";"[0]*[1-9][0-9]*";1;2;
"Banque_Iban";"Alphanumeric";;15;34;
"DSN_AncienDispoPolitiquePub";"Enumeration";;2;2;"21=CUI - Contrat Initiative Emploi;41=CUI - Contrat d'Accompagnement dans l'Emploi;42=CUI - Contrat d'accès à l'emploi - DOM;50=Emploi d'avenir secteur marchand;51=Emploi d'avenir secteur non marchand;61=Contrat de Professionnalisation;64=Contrat d'apprentissage entreprises artisanales ou de moins de 11 salariés (loi du 3 janvier 1979);65=Contrat d’apprentissage entreprises non inscrites au répertoire des métiers d’au moins 11 salariés (loi de 1987);70=Contrat à durée déterminée pour les séniors;71=Contrat à durée déterminée d’insertion ;80=Contrat de génération;98=Autre dispositif de politique publique"
"DSN_Qualifiant_Assiette";"Enumeration";;3;3;"920=Autre assiette;921=Assiette plafonnée"
"Banque_Bic";"Alphanumeric";;8;11;
"Quantite_ZNS_1_4";"Numeric";"[0]*[1-9][0-9]*";1;4;
"Quantite_ZNS_1_3";"Numeric";"[0]*[1-9][0-9]*";1;3;
"Identifiant_Nir_13";"Alphanumeric";"[1-2][0-9]{2}(0[1-9]|1[0-2]|20|3[0-9]|4[0-2]|[5-9][0-9])(0[1-9]|[1-9][0-9]|2A|2B)([0]{2}[1-9]|0[1-9][0-9]|[1-9][0-9]{2})([0]{2}[1-9]|0[1-9][0-9]|[1-9][0-9]{2})|([1-2][9]{12})";13;13;
"Identifiant_Nir_21_420";"Alphanumeric";;21;420;
"Identifiant_Siret";"Alphanumeric";"[0-9]*[1-9][0-9]*";14;14;
"Identifiant_Lieu_Travail";"Alphanumeric";;2;15;
"Civilite";"Enumeration";;2;2;"01=monsieur;02=madame"
"DSN_statut_a_entrange";"Enumeration";;2;2;"01=Détaché;02=Expatrié;99=Salarié non concerné"
"CodeCotisation";"Enumeration";;2;2;"01=Référentiel à définir"
"DSN_Dispos_PubEmpFormPro_2";"Enumeration";;2;2;"21=CUI - Contrat Initiative Emploi;41=CUI - Contrat d'Accompagnement dans l'Emploi;42=CUI - Contrat d'accès à l'emploi - DOM;50=Emploi d'avenir secteur marchand;51=Emploi d'avenir secteur non marchand;61=Contrat de Professionnalisation;64=Contrat d'apprentissage entreprises artisanales ou de moins de 11 salariés (loi du 3 janvier 1979);65=Contrat d’apprentissage entreprises non inscrites au répertoire des métiers d’au moins 11 salariés (loi de 1987);70=Contrat à durée déterminée pour les séniors;71=Contrat à durée déterminée d’insertion;80=Contrat de génération;81=Contrat d'apprentissage secteur public (Loi de 1992);99=Non concerné"
"Nombre_ZNS_1_6";"Numeric";"[0]*[1-9][0-9]*";1;6;
"Quantite_ZNS_4_7_2_N";"Numeric";"-?[0]*([1-9][0-9]*\.[0-9]{2}|0\.(0[1-9]|[1-9][0-9]))";4;7;
"Quantite_ZNS_1_2_Z";"Numeric";"[0]*(0|[1-9][0-9]*)";1;2;
"Prime_DSN_phase_1";"Enumeration";;3;3;"001=Indemnité spécifique de rupture conventionnelle;002=Indemnité versée à l'occasion de la cessation forcée des fonctions des mandataires sociaux;003=Indemnité légale de mise à la retraite par l'employeur;004=Indemnité conventionnelle de mise à la retraite par l'employeur;005=Indemnité légale de départ à la retraite du salarié;006=Indemnité conventionnelle de départ à la retraite du salarié;007=Indemnité légale de licenciement;008=Indemnité légale supplémentaire de licenciement;009=Indemnité légale spéciale de licenciement;010=Indemnité légale spécifique de licenciement;011=Indemnité légale de fin de CDD;012=Indemnité légale de fin de mission;013=Indemnité légale due aux journalistes;014=Indemnité légale de clientèle;015=Indemnité légale due au personnel naviguant de l'aviation civile;016=Indemnité légale versée à l'apprenti;017=Dommages et intérêts dus à un CDD ou à une rupture de période d’essai (délai de prévenance);018=Indemnité due en raison d'un sinistre;019=Indemnité suite à clause de non concurrence;020=Indemnité compensatrice de congés payés;021=Indemnité conventionnelle (supplémentaire aux indemnités légales);022=Indemnité transactionnelle;023=Indemnité compensatrice de préavis payé non effectué;025=Indemnité compensatrice des droits acquis dans le cadre d’un compte épargne temps;026=Prime exceptionnelle liée à l'activité avec période de rattachement spécifique;027=Prime liée à l'activité avec période de rattachement spécifique;028=Prime non liée à l'activité;029=Prime liée au rachat des jours de RTT avec période de rattachement spécifique;030=Prime rachat CET;032=Indemnité compensatrice de préavis pour inaptitude suite AT ou Maladie Professionnelle;033=Indemnité forfaitaire de conciliation prud’homale;034=Indemnité de congés payés;039=Complément de rémunération à la charge de l'état;900=Indemnité d'expatriation;901=Indemnité d'impatriation"
"Type_Anonymous_35";"Enumeration";;2;2;"00=codes à définir"
"Quantite_ZNS_4_6_2_N";"Numeric";"-?[0]*([1-9][0-9]*\.[0-9]{2}|0\.(0[1-9]|[1-9][0-9]))";4;6;
"Taux_ZNS_5_6_3";"Numeric";"[0]*([1-9][0-9]*\.[0-9]{3}|0\.([0]{2}[1-9]|0[1-9][0-9]|[1-9][0-9]{2}))";5;6;
"Type_Alphanumeric_10-39";"Alphanumeric";;10;39;
"Quantite_ZNS_1_5";"Numeric";"[0]*[1-9][0-9]*";1;5;
"Temps_Unite_DSN_phase_1";"Enumeration";;2;2;"10=heure;20=forfait jour;21=forfait heure;31=à la pige;32=à la vacation;99=salarié non concerné;12=journée"
"N4DS_Intervention_Domaine";"Enumeration";;2;2;"01=domaine administratif;02=domaine informatique;03=autre domaine"
"DGFiP_Declaration_Fraction";"Numeric";"[1-9][0-9]";2;2;
"Identite_Base_1-80_regex";"Alphanumeric";;1;80;
"Declaration_Ordre";"Numeric";"0|[1-9][0-9]*";1;15;
"Identifiant_33";"Alphanumeric";"(0[1-9]|[1-2][0-9]|3[0-1])(0[1-9]|1[0-2])(19|20)[0-9]{2}(0|[1-9][0-9]*)";9;23;
"Arret_Motif_DSN_phase_1";"Enumeration";;2;2;"01=maladie;02=maternité / adoption ;03=paternité / accueil de l’enfant;04=congé suite à un accident de trajet;05=congé suite à maladie professionnelle;06=congé suite à accident de travail ou de service;07=femme enceinte dispensée de travail;08=temps partiel thérapeutique ;99=annulation"
"Nature_Juridique_Employeur";"Enumeration";;2;2;"01=Privée;02=Publique"
"DSN_Type_Activite";"Enumeration";;2;2;"01=Travail rémunéré;02=Durée d'absence non rémunérée;03=Durée non travaillée rémunérée"
"DSN_Ref_Code_Cotis";"Enumeration";;3;3;"001=Exonération de cotisations au titre de l'emploi d'un apprenti (loi de 1979);002=Exonération de cotisations au titre de l'emploi d'un apprenti (loi de 1987);003=Exonération de cotisations au titre de l'emploi d'un apprenti (loi de 1992);004=Exonération de cotisations au titre de l'emploi d'un salarié en contrat d'accès à l'emploi;006=Exonération de cotisations au titre de l'emploi d'un salarié en contrat d'accompagnement dans l'emploi;008=Exonération de cotisations au titre de l'emploi d'un salarié en contrat de professionnalisation;009=Exonération de cotisations applicable aux associations intermédiaires;010=Exonération de cotisations applicable aux entreprises des bassins d'emploi à redynamiser;011=Exonération de cotisations applicable au créateur ou repreneur d'entreprise;012=Exonération de cotisations applicable dans les DOM;013=Exonération de cotisations applicable aux entreprises et associations d'aide à domicile;014=Exonérations de cotisations applicable aux entreprises innovantes ou universitaires;015=Exonération de cotisations applicable aux entreprises en zones franches urbaines;016=Exonération de cotisations applicable aux organismes d'intérêt général en zones de revitalisation rurale;017=Exonération de cotisations applicable aux structures agréées de l'aide sociale;018=Réduction générale des cotisations patronales de sécurité sociale;019=Réduction de cotisations applicable aux entreprises des zones de restructuration de la défense;020=Réduction de cotisations au titre de l'embauche du 1er au 50ème salarié en zones de revitalisation rurale;021=Déduction patronale au titre des heures supplémentaires;022=Exonération de cotisations applicable à une gratification de stage;023=Exonération de cotisation des sommes provenant d'un CET et réaffectées à un PERCO ou à un régime de retraite supplémentaire;025=Exonération de cotisations au titre de l’emploi d’un salarié en chantier et atelier d'insertion;027=Exonération Personnel technique CUMA, hors ateliers;028=Réduction Travailleur Occasionnel;029=CNIEG - Réduction employeurs petit pool;030=Camieg - Cotisation employeurs Régime spécial Complémentaire;031=Camieg - Cotisation salariés Régime spécial Complémentaire;032=Camieg - Cotisation salariés Régime spécial Solidarité;033=CNIEG - Cotisation employeurs complément d'invalidité;034=CNIEG - Cotisation employeurs régime de droit commun (population adossée);035=CNIEG - Cotisation employeurs Régime spécial (population adossée);036=CNIEG - Cotisation employeurs régime spécial (population non adossée);037=CNIEG - Cotisation salariés régime de droit commun (population adossée);038=CNIEG - Cotisation salariés régime spécial (population non adossée);039=CNIEG - Cotisations employeurs petit pool;040=Cotisation AC : assurance chômage sur rémunérations brutes après déduction, limitées à 4 fois le plafond de la SS;041=Cotisation AC majorée 1 : application d’une majoration AC + 0,5% sur les contrats d’usage inférieurs ou égaux à 3 mois;042=Cotisation AC majorée 2 : application d’une majoration AC + 3% sur les contrats d’accroissement temporaire d’activité inférieurs ou égaux à 1 mois;043=Cotisation AC majorée 3 : application d’une majoration AC + 1,5% sur les contrats d’accroissement temporaire d’activité supérieurs à 1 mois mais inférieurs ou égaux à 3 mois;044=Exonération de cotisation chômage pour les moins de 26 ans;045=Cotisation Accident du travail;046=Cotisation AEF Bourse de l'emploi;047=Cotisation AEF CESA;048=Cotisation AGS : assurance garantie des salaires sur rémunérations brutes après déduction, limitées à 4 fois le plafond de la sécurité sociale;049=Cotisation Allocation de logement (FNAL);051=Cotisation Formation professionnelle ADEFA;052=Cotisation AFNCA, ANEFA, PROVEA, ASCPA;053=Cotisation Formation professionnelle additionnelle FAFSEA;054=Cotisation Formation professionnelle AREFA;055=Cotisation Formation professionnelle CEREFAR;056=Cotisation Formation professionnelle FAFSEA;057=Cotisation Formation professionnelle FAFSEA CDD;058=Cotisation Formation professionnelle FAFSEA des communes forestières;059=Cotisation individuelle Prévoyance-Assurance-Mutuelle pour la période et l'affiliation concernées;060=Cotisation IRCANTEC Tranche A;061=Cotisation IRCANTEC Tranche B;063=RETA - Montant de cotisation Arrco;064=RETC - Montant de cotisation Agirc;065=Cotisation CRPCEN;066=Cotisation caisse de congés spectacles;068=Contribution solidarité autonomie;069=Contribution sur avantage de pré-retraite entreprise à dater du 11/10/2007 (CAPE);070=Contribution sur avantage de pré-retraite entreprise aux taux normal (CAPE);071=Contribution forfait social;072=Contribution sociale généralisée/salaires partiellement déductibles;073=CSG/CRDS sur participation intéressement épargne salariale;074=Cotisation Allocation familiale - taux normal  ;075=Cotisation Assurance Maladie;076=Cotisation Assurance Vieillesse;077=Montant de la retenue à la source effectuée sur les salaires versés aux personnes domiciliées hors de France;078=Pénalité de 1% emploi sénior;079=Remboursement de la dette sociale;081=Versement transport;082=Versement transport additionnel;086=Cotisation pénibilité mono exposition;087=Cotisation pénibilité multi exposition;088=Exonération versement transport;089=Exonération Contrat Initiative Emploi;090=Exonération accueillants familiaux;091=Cotisation Service de santé au travail;092=Cotisation Association pour l'emploi des cadres ingénieurs et techniciens de l'agriculture (APECITA);093=Contribution sur indemnités de mise à la retraite;094=Exonération cotisations Allocations familiales (SICAE);096=Cotisation CRPNPAC au fonds de retraite;097=Cotisation CRPNPAC au fonds d'assurance;098=Cotisation CRPNPAC au fonds de majoration;099=Contribution stock options;100=Contribution au financement du dialogue social;101=Association Mutualisation du Coût Inaptitude;102=Complément de cotisation Allocation Familiale;103=Contribution actions gratuites;104=Pénibilité Cotisation de base;226=Assiette du Versement Transport;901=Cotisation épargne retraite"
"N4DS_DDN";"Alphanumeric";"(0[1-9]|[1-2][0-9]|3[0-1]|99)(0[1-9]|1[0-2]|99)(9999|(18|19|20)[0-9]{2})";8;8;
"Commune";"Alphanumeric";;1;30;
"Departement";"Alphanumeric";"(0[1-9]|[1-9][0-9])|2A|2B|00";2;2;
"DSN_NatureContrat";"Enumeration";;2;2;"01=Contrat de travail à durée indéterminée de droit privé;02=Contrat de travail à durée déterminée de droit privé;03=Contrat  de mission (contrat de travail temporaire);07=Contrat à durée indéterminée intermittent;08=Contrat à durée indéterminée intérimaire;09=Contrat de travail à durée indéterminée de droit public;10=Contrat de travail à durée déterminée de droit public;29=Convention de stage (hors formation professionnelle);32=Contrat d’appui au projet d’entreprise;50=Nomination dans la fonction publique (par arrêté, par décision,…);60=Contrat d'engagement éducatif;70=Contrat de soutien et d'aide par le travail;80=Mandat social;81=Mandat d'élu;89=Volontariat de service civique;90= Autre nature de contrat, convention, mandat"
"DSN_Enum_Complement_Base_Assujettie_2_2";"Enumeration";;2;2;"01=Montant du SMIC retenu pour le calcul de la Réduction générale des cotisations patronales de sécurité sociale;02=Montant du SMIC retenu pour le calcul du crédit d'impôt compétitivité-emploi;03=Contributions patronales à des régimes complémentaires de retraite;04=Contributions patronales destinées au financement des prestations de prévoyance complémentaire;05=Contributions patronales destinées au financement des prestations de retraite supplémentaire;06=Plafond calculé pour salarié poly-employeurs;10=Salaire brut Prévoyance;11=Tranche A Prévoyance;12=Tranche 2 Prévoyance;13=Tranche B Prévoyance;14=Tranche C Prévoyance;15=Tranche D Prévoyance;16=Tranche D1 Prévoyance;17=Base spécifique Prévoyance;18=Base forfaitaire Prévoyance;19=Base fictive Prévoyance reconstituée;20=Montant forfaitaire Prévoyance;21=Montant Prévoyance libre ou exceptionnel;22=Montant des indemnités journalières CRPCEN;90=Retenue sur salaire;91=Base de taxe sur les salaires au taux normal"
"Nombre_ZNS_1_7";"Numeric";;1;7;
"Emploi_Nature";"Alphanumeric";;1;120;
"Employeur_Parente";"Enumeration";;2;2;"01=père, mère ou enfant;02=frère ou sœur;03=conjoint;04=pacs;05=concubin;90=autre lien de parenté"
"CodificationUE";"Enumeration";;2;2;"01=français;02=ressortissant de l'UE;99=Ressortissants hors EEE;03=Ressortissant de l'EEE"
"DSN_Motifs_Recours";"Enumeration";;2;2;"01=Remplacement d'un salarié;02= Accroissement temporaire de l'activité de l'entreprise;03=Emplois à caractère saisonnier;04=Contrat vendanges;05=Contrat d’usage;06=Contrat à durée déterminée à objet défini;07=Remplacement d'un chef d'entreprise (« artisanale, industrielle ou commerciale, d'une personne exerçant une profession libérale, de son conjoint participant effectivement à l'activité de l'entreprise à titre professionnel et habituel ou d'un associé non salarié d'une société civile professionnelle, d'une société civile de moyens ou d'une société d'exercice libéral »);08=Remplacement du chef d'une exploitation agricole (« ou d'une entreprise mentionnée aux 1° à 4° de l'article L. 722-1 du code rural et de la pêche maritime, d'un aide familial, d'un associé d'exploitation, ou de leur conjoint mentionné à l'article L. 722-10 du même code dès lors qu'il participe effectivement à l'activité de l'exploitation agricole ou de l'entreprise »);09=Recrutement de personnes sans emploi rencontrant des difficultés sociales et professionnelles particulières;10=Complément de formation professionnelle au salarié;11=Formation professionnelle au salarié par la voie de l'apprentissage, en vue de l'obtention d'une qualification professionnelle sanctionnée par un diplôme ou un titre à finalité professionnelle enregistré au répertoire national des certifications professionnelles;12=Remplacement d’un salarié passé provisoirement à temps partiel;13=Attente de la suppression définitive du poste du salarié ayant quitté définitivement l’entreprise"
"DSN_Motif_Exclusion";"Enumeration";;2;2;"01=Agents titulaires de l’une des trois fonctions publiques (Etat, Territoriale, Hospitalière) sauf admission spécifique;02=Personnels navigants de la marine marchande;03=Marins-pêcheurs;05=Contrat de travail faisant l'objet d’une attestation employeur mensuelle (AEM) pour un ouvrier ou technicien de l'édition d'enregistrement sonore, de la production cinématographique et audiovisuelle, de la radio, de la diffusion et du spectacle;06=Contrat de travail faisant l'objet d'une attestation employeur mensuelle (AEM) pour un artiste du spectacle"
"DSN_Ref_Ops_4_5";"ExternalReferential";;5;9;
"Insee_PCS-ESE";"ExternalReferential";;4;4;
"Motif_suspension";"Enumeration";;3;3;"112=invalidité catégorie 1;114=invalidité catégorie 2;116=invalidité catégorie 3;200=COP (congés payés);301=congé de formation professionnelle;501=congé divers non rémunéré;507=chômage intempéries;601=mobilité volontaire sécurisée;602=chômage sans rupture de contrat;603=détention provisoire;604=journée de perception de l'allocation journalière de présence parentale;605=congé statutaire;606=détachement d'un salarié IEG en France;607=congé de présence parentale;608=CASA-CATS (Cessation d'activité des travailleurs salariés);609=CIF (Congé Individuel de formation);611=congé de bilan de compétences;612=congé de candidat parlementaire ou élu à un mandat local;615=congé de formation de cadres et d'animateurs pour la jeunesse;617=congé de formation pour les salariés de moins de 25 ans;618=congé de formation économique, sociale et syndicale;620=congé de mobilité;621=congé de participation aux instances d'emploi ou de formation professionnelle;625=congé de reclassement;626=congé de représentation;627=congé de solidarité familiale;628=congé de solidarité internationale;630=congé d'enseignement ou de recherche;631=congé mutualiste de formation;632=congé parental d'éducation;633=congé pour acquisition de la nationalité;634=congé pour catastrophe naturelle;635=congé pour création d'entreprise;636=congé pour enfant malade;637=congé pour évènement familial;638=congé pour validation des acquis de l'expérience;639=congé sabbatique;642=convention FNE d'aide au passage à temps partiel;643=congé de conversion avec prise en charge par l'Etat;644=congé de conversion sans prise en charge par l'Etat;645=préretraite progressive;646=préretraite d'entreprise sans rupture de contrat de travail;647=réduction temps d'emploi;648=conventions d'allocations spéciales du FNE (ASFNE);998=annulation"
"Contrat_Travail_Nature";"Enumeration";;2;2;"01=contrat à durée indéterminée;02=contrat à durée déterminée;03=contrat de travail temporaire (mission);04=contrat d'apprentissage entreprises artisanales ou de 10 salariés au plus (loi de 1979);05=contrat d'apprentissage entreprises non artisanales de plus de 10 salariés (loi de 1987);27=contrat à durée déterminée à objet défini;28=contrat à durée déterminée pour les séniors;29=convention de stage;30=convention volontaire associatif;31=contrat de tuteur de cessionnaire d'entreprise;32=contrat d'appui à la création d'entreprise;66=bénéficiaire d'une rémunération versée par un tiers;88=engagement de service civique;89=volontariat de service civique;99=sans contrat de travail ou convention"
"DSn_AncienCodeRegBase";"Enumeration";;3;3;"120=retraite des agents des collectivités locales (CNRACL);121=pensions des ouvriers des établissements industriels de l'Etat (FSPOEIE);134=régime spécial de la SNCF;135=régime spécial de la RATP;136=établissement des invalides de la marine (ENIM);137=mineurs ou assimilés (fonds Caisse des Dépôts);139=Banque de France;140=clercs et employés de notaires (CRPCEN);141=chambre de commerce et d'industrie de Paris;144=Assemblée Nationale;145=Sénat;147=industries électriques et gazières (CNIEG);149=régime des cultes (CAVIMAC);157=régime de retraite des avocats (CNBF);158=SEITA;159=Comédie Française;160=Opéra de Paris;200=régime général (CNAV);300=régime agricole (MSA);900=autre régime (réservé Polynésie Française;903=salariés étrangers exemptés d'affiliation pour le risque vieillesse;999=cas particuliers d'affiliation"
"Contrat_Travail_Intitule";"Enumeration";;2;2;"21=Contrat Unique d'Insertion - Contrat Initiative Emploi;26=Contrat Emploi Consolidé;40=Contrat d'Avenir;41=Contrat Unique d'Insertion - Contrat d'Accompagnement dans l'Emploi;61=Contrat de Professionnalisation;99=Autres contrats"
"DSN_Renumeration_Type";"Enumeration";;3;3;"001=Rémunération brute non plafonnée;002=Salaire brut soumis à contributions d'Assurance chômage ;003=Salaire rétabli – reconstitué;010=Salaire de base;011=Heures supplémentaires ou complémentaires;012=Heures d’équivalence;013=Heures d’habillage, déshabillage, pause;014=Heures correspondant à du chômage sans rupture de contrat ou du chômage intempéries;015=Salaire moyen BTP"
"CCN_Categorie";"Enumeration";;2;2;"01=agriculteur salarié de son exploitation;02=artisan ou commerçant salarié de son entreprise;03=cadre dirigeant (votant au collège employeur des élections prud'hommales);04=autres cadres au sens de la convention collective (ou du statut pour les régimes spéciaux);05=profession intermédiaire (technicien, contremaître, agent de maîtrise, clergé);06=employé administratif d'entreprise, de commerce, agent de service;07=ouvriers qualifiés et non qualifiés y compris ouvriers agricoles;08=agent de la fonction publique d'Etat;09=agent de la fonction publique hospitalière;10=agent de la fonction publique territoriale"
"DSN_Renum_AC";"Enumeration";;2;2;"01=Salaire réel;02=Salaire de comparaison"
"DSN_IdOPS";"ExternalReferential";;9;14;
"DSN_IdOPS_5_14";"ExternalReferential";;5;14;
"DSN_IdOPS_2_14";"ExternalReferential";;5;5;
"DSN_IdOPS_bis_2_14";"ExternalReferential";;2;14;
"DSN_Code_Regime_Base_risque_vieillesse";"Enumeration";;3;3;"120=retraite des agents des collectivités locales (CNRACL);121=pensions des ouvriers des établissements industriels de l'Etat (FSPOEIE);122=pensions civiles et militaires de retraite de l'Etat (SRE);134=régime spécial de la SNCF;135=régime spécial de la RATP;136=établissement des invalides de la marine (ENIM);137=mineurs ou assimilés (fonds Caisse des Dépôts);139=Banque de France;140=clercs et employés de notaires (CRPCEN);141=chambre de commerce et d'industrie de Paris;144=Assemblée Nationale;145=Sénat;147=régime spécial des industries électriques et gazières (CNIEG);149=régime des cultes (CAVIMAC);157=régime de retraite des avocats (CNBF);158=SEITA;159=Comédie Française;160=Opéra de Paris;200=régime général (CNAV);300=régime agricole (MSA);900=autre régime (réservé Polynésie Française, Nouvelle Calédonie);904=principauté de Monaco;909=travailleur étranger non assujetti à un régime de base risque vieillesse en France;999=cas particuliers d'affiliation"
"AA_Categorie";"Enumeration";;2;2;"01=cadre (article 4 et 4bis);02=extension cadre pour retraite complémentaire;04=non cadre;98=retraite complémentaire ne définissant pas de statut cadre ou non-cadre;99=pas de retraite complémentaire"
"Nombre_1_7_Regexp";"Numeric";"[0]*(0|[1-9][0-9]*)";1;7;
"DSN_Envoi_Type";"Enumeration";;2;2;"01=envoi normal;02=envoi néant"
"Type_Alphanumeric_1-40";"Alphanumeric";;1;40;
"Type_Alphanumeric_13-13_regex";"Alphanumeric";"[1-2][0-9]{2}(0[1-9]|1[0-2]|20|3[0-9]|4[0-2]|[5-9][0-9])(0[1-9]|[1-9] [0-9]|2A|2B)([0]{2}[1-9]|0[1-9][0-9]|[1-9][0-9]{2})([0]{2}[1-9]|0[1-9][0-9]|[1-9] [0-9]{2})|([1-2][9]{12})";13;13;
"Type_Alphanumeric_13-13";"Alphanumeric";"[1-2][0-9]{2}(0[1-9]|1[0-2]|20|3[0-9]|4[0-2]|[5-9][0-9])(0[1-9]|[1-9][0-9]|2A|2B)([0]{2}[1-9]|0[1-9][0-9]|[1-9][0-9]{2})([0]{2}[1-9]|0[1-9][0-9]|[1-9][0-9]{2})";13;13;
"Type_Alphanumeric_4_9";"Alphanumeric";;4;9;
"Type_Alphanumeric_4_10";"Alphanumeric";;4;10;
"CCN";"ExternalReferential";;4;4;
"DSN_CodeCaisseCongeP";"ExternalReferential";;2;20;
"DSN_AncienMotifRecours";"Enumeration";;2;2;"01= Remplacement d'un salarié;02=Accroissement temporaire de l'activité de l'entreprise;03=Emplois à caractère saisonnier;04=Contrat vendanges;05=Contrat à durée déterminée d’usage;06=Contrat à durée déterminée à objet défini;07=Remplacement d'un chef d'entreprise (« artisanale, industrielle ou commerciale, d'une personne exerçant une profession libérale, de son conjoint participant effectivement à l'activité de l'entreprise à titre professionnel et habituel ou d'un associé non salarié d'une société civile professionnelle, d'une société civile de moyens ou d'une société d'exercice libéral »);08=Remplacement du chef d'une exploitation agricole (« ou d'une entreprise mentionnée aux 1° à 4° de l'article L. 722-1 du code rural et de la pêche maritime, d'un aide familial, d'un associé d'exploitation, ou de leur conjoint mentionné à l'article L. 722-10 du même code dès lors qu'il participe effectivement à l'activité de l'exploitation agricole ou de l'entreprise »)"
"CCI-BTP_Destinataire";"ExternalReferential";;2;20;
"DSN_INSEE_NAF";"ExternalReferential";;5;5;
"Travail_Modalite";"Enumeration";;2;2;"10=temps plein;20=temps partiel;99=salarié non concerné"
"Type_Alphanumeric_8-11";"Alphanumeric";;8;11;
"Type_Alphanumeric_6-9";"Alphanumeric";;6;9;
"DSN_Sexe";"Enumeration";;2;2;"01=masculin;02=féminin"
"Quantite_ZNS_4_6_2";"Numeric";"[0]*([1-9][0-9]*\.[0-9]{2}|0\.(0[1-9]|[1-9][0-9]))";4;6;
"DGFiP_Version";"Enumeration";;6;6;"201710=Version 2017-1-0"
"Point_Depot";"Enumeration";;2;2;"01=Net-entreprises;02=MSA"
"DGFiP_Declaration_Nature";"Enumeration";;2;2;"11=Modèle de déclaration PASRAU"
"DSN_Code_Reg_Retraite_Comp";"Enumeration";;4;8;"RETA=Retraite complémentaire ARRCO;RETC=Retraite complémentaire ARRCO et AGIRC;CNBF=Caisse nationale des Barreaux Français;CRPCEN=Clercs et employés de notaire;CRPNPAC=Caisse de Retraite du Personnel Navigant Professionnel de l'Aéronautique Civile;IRCANTEC=Institution de retraite complémentaire des agents non titulaires de l’État et des collectivités publiques;90000=pas de régime complémentaire"
"DSN_Comp_code_PSCESE";"Enumeration";;2;6;"06=représentant exclusif;07=représentant multicarte;08=autre représentant;37=cadet de golf;38=agent immobilier rémunéré à la commission;C389=cadres navigants commerciaux;C643=coursier;L643=chauffeurs livreurs;NP352=journaliste non professionnel (sans carte de presse);P352=journaliste professionnel (avec carte de presse);T389=cadres navigants techniques"
"DSN_Code_Reg_Retraite_Comp_4_5";"Enumeration";;4;5;"RETA=Retraite complémentaire Arrco;RETC=Retraite complémentaire Agirc;90000=Pas de retraite complémentaire"
"DGFiP_Declaration_Type";"Enumeration";;2;2;"01=déclaration normale;02=déclaration normale néant;03=déclaration annule et remplace intégral;05=annule et remplace néant"
"DSN_Code_Base_Assujettie";"Enumeration";;2;2;"02=Assiette  brute plafonnée;03=Assiette brute déplafonnée;04=Assiette de la contribution sociale généralisée;07=Assiette des contributions d'Assurance Chômage;08=Assiette retraite CPRP SNCF;09=Assiette de compensation bilatérale maladie CPRP SNCF;10=Base brute fiscale;11=Base forfaitaire soumise aux cotisations de Sécurité Sociale;12=Assiette du crédit d'impôt compétitivité-emploi;13=Assiette du forfait social à 8%;14=Assiette du forfait social à 20%;15=CNIEG - Assiette brute du régime spécial;16=CNIEG - Assiette brute du complément invalidité;17=CNIEG - Assiette brute du petit pool;18=Camieg - assiette brute plafonnée;19=Assiette CRPCEN;20=CIBTP - Base brute de cotisations congés payés;21=CIBTP - Base brute de cotisations OPPBTP permanents;22=Base brute spécifique;23=Base exceptionnelle (Agirc Arrco);24=Base plafonnée spécifique;25=Assiette de contribution libératoire;27=Assiette Caisse de congés spectacles;28=Base IRCANTEC cotisée;29=Base IRCANTEC non cotisée (arrêt de travail);31=Eléments de cotisation Prévoyance, Santé, retraite supplémentaire;33=Assiette Contribution sur les avantages de préretraite entreprise;34=CIBTP - Base plafonnée de cotisations intempéries gros oeuvre travaux publics;35=CIBTP - Base plafonnée de cotisations intempéries second oeuvre;36=CIBTP - Base ""A"" de cotisations organisme professionnel BTP;37=Assiette de pénibilité;38=Rémunération pour le calcul de la réduction Travailleur Occasionnel;39=CIBTP - Base ""B"" de cotisations organisme professionnel BTP;40=CIBTP - Base ""C"" de cotisations organisme professionnel BTP;41=CRPNPAC-Assiette soumise au taux normal (non-plafonnée);42=CRPNPAC-Assiette soumise au taux majoré (non-plafonnée);43=Base plafonnée exceptionnelle Agirc Arrco;44=Assiette du forfait social à 16%;45=Base plafonnée ICP Agirc-Arrco;90=Autre revenu net imposable"
"Motif_non_AGS";"Enumeration";;2;2;"01=absence de qualité de salarié;02=contestation d'une créance;03=dépassement du plafond légal de garantie;04=licenciement en dehors des périodes légales de garantie pour les indemnités de rupture"
"Type_Alphanumeric_7-10";"Alphanumeric";;7;10;
"AGS_type_creance";"Enumeration";;2;2;"01=Salaires;02=congés payés;03=charges sociales salariales;04=indemnités liées à la rupture"
"Quantite_ZNS_3_5_2";"Numeric";"[0]*[1-9][0-9]*\.[0-9]{2}";3;5;
"RAC_Preavis";"Enumeration";;2;2;"01=préavis effectué et payé;02=préavis non effectué et payé;03=préavis non effectué et non payé;10=préavis non effectué non payé dans le cadre d’un contrat de sécurisation professionnelle (CSP);50=préavis non effectué et payé dans le cadre d’un congé de reclassement;51=préavis non effectué et payé dans le cadre d’un congé de mobilité;60=Délai de prévenance ;90=pas de clause de préavis applicable"
"RAC_IRC";"Alphanumeric";;4;7;
"N4DS_O_N";"Enumeration";;2;2;"01=oui;02=non"
"Insee_Naf_2008_4";"ExternalReferential";;5;5;
"RAC_Rupture_Motif_DSN_phase_1";"Enumeration";;3;3;"011=licenciement suite à liquidation judiciaire ou à redressement judiciaire;012=licenciement suite à fermeture définitive de l'établissement;014=licenciement pour motif économique;015=licenciement pour fin de chantier;020=licenciement pour autre motif;025=autre fin de contrat pour motif économique;026=rupture pour motif économique dans le cadre d’un contrat de sécurisation professionnelle CSP;031=fin de contrat à durée déterminée ou fin d'accueil occasionnel;032=fin de mission d'intérim;033=rupture anticipée d’un CDD ou d’un contrat de mission en cas d’inaptitude physique constatée par le médecin du travail;034=fin de période d'essai à l'initiative de l'employeur;035=fin de période d'essai à l'initiative du salarié;036=rupture anticipée d'un CDD, d'un contrat d'apprentissage ou d’un contrat de mission à l'initiative de l'employeur;037=rupture anticipée d'un CDD, d'un contrat d'apprentissage ou d’un contrat de mission à l'initiative du salarié;038=mise à la retraite par l'employeur;039=départ à la retraite à l'initiative du salarié;043=rupture conventionnelle;058=prise d'acte de la rupture de contrat de travail;059=démission;065=décès de l'employeur ou internement / conduit à un licenciement autre motif;066=décès du salarié;081=fin de contrat d'apprentissage;082=résiliation judiciaire du contrat de travail;083=rupture de contrat de travail ou d’un contrat de mission pour force majeure ou fait du prince;084=rupture d'un commun accord du CDD, du contrat d'apprentissage ou d’un contrat de mission;085=fin de mandat;086=licenciement convention CATS;087=licenciement pour faute grave;088=licenciement pour faute lourde;089=licenciement pour force majeure;091=licenciement pour inaptitude physique d'origine non professionnelle;092=licenciement pour inaptitude physique d'origine  professionnelle;093=licenciement suite à décision d'une autorité administrative;094=rupture anticipée du contrat de travail pour arrêt de tournage;095=rupture anticipée du contrat de travail ou d’un contrat de mission pour faute grave;096=rupture anticipée du contrat de travail ou d’un contrat de mission pour faute lourde;097=rupture anticipée d’un contrat de travail ou d’un contrat de mission suite à fermeture de l'établissement;098=retrait d'enfant;998=transfert du contrat de travail sans rupture du contrat vers un autre établissement n'effectuant pas encore de DSN;999=fin de relation avec l’employeur (autres que contrat de travail, convention ou mandat)"
"Prevoyance_Destinataire";"ExternalReferential";;5;9;
"ISO_3166-1-A2_Pays";"ExternalReferential";;2;2;
"ISO_3166-1-A2_Pays_All";"ExternalReferential";;2;2;
"La_Poste_Hexaposte";"ExternalReferential";;5;5;
"Type_Alphanumeric_1-35";"Alphanumeric";;1;35;
"DSN_TypeUniteMesure";"Enumeration";;2;2;"10=heure;12=journée;20=forfait jour;21=forfait heure;31=à la pige;32=à la vacation;33=à la tâche;90=salarié sans unité de mesure définie au contrat ;99=salarié non concerné"
"Type_Alphanumeric_15-34";"Alphanumeric";"[A-Z0-9]+";15;34;
"Type_Alphanumeric_11-11";"Alphanumeric";;11;11;
"DSN_Nature_Juridique";"Enumeration";;2;2;"01=Etablissement;02=Autre;03=A domicile;04=Subdivision communale (CVAE)"
"Montant_ZNS_4_12_2";"Numeric";"[0]*([1-9][0-9]*\.[0-9]{2}|0\.(0[1-9]|[1-9][0-9]))";4;12;
"Montant_ZNS_4_12_2_N_Z";"Numeric";"-?[0]*(0|[1-9][0-9]*)\.[0-9]{2}";4;12;
"Montant_ZNS_4_18_N_Z";"Numeric";"-?[0]*(0|[1-9][0-9]*)\.[0-9]{2}";4;18;
"Type_Alphanumeric_11_40";"Alphanumeric";;11;40;
"Montant_ZNS_4_12_2_Z";"Numeric";"[0]*([1-9][0-9]*\.[0-9]{2}|0\.[0-9]{2})";4;12;
"Montant_ZNS_4_18_2";"Numeric";"[0]*(0|[1-9][0-9]*)\.[0-9]{2}";4;18;
"Montant_ZNS_4_18_3_N_Z";"Numeric";"-?[0-9]*\.[0-9]{2}";4;18;
"Declaration_Champ";"Enumeration";;2;2;"01=déclaration totale;02=déclaration partielle régime agricole;03=déclaration partielle régime général"
"Montant_ZNS_4_18_2_N";"Numeric";"-?[0]*([1-9][0-9]*\.[0-9]{2}|0\.(0[1-9]|[1-9][0-9]))";4;18;
"Montant_ZNS_4_11_2_N_Z";"Numeric";"-?[0]*(0|[1-9][0-9]*)\.[0-9]{2}";4;11;
"Montant_4_11";"Numeric";"-?[0]*(0|[1-9][0-9]*)\.[0-9]{2}";4;11;
"Montant_ZNS_4_18_2_Z";"Numeric";"[0]*([1-9][0-9]*\.[0-9]{2}|0\.[0-9]{2})";4;18;
"Nombre_ZNS_1_3_Z";"Numeric";"[0]*(0|[1-9][0-9]*)";1;3;
"Nombre_ZNS_1_4";"Numeric";"[0]*[1-9][0-9]*";1;4;
"Nombre_ZNS_1_5";"Numeric";"[0]*[1-9][0-9]*";1;5;
"Nombre_ZNS_2_6";"Numeric";"[0]*[1-9][0-9]*";2;6;
"Nombre_ZNS_2_2";"Numeric";"[0]*[1-9][0-9]*";2;2;
"Nombre_ZNS_1_6_Z";"Numeric";"[0]*(0|[1-9][0-9]*)";1;6;
"Nombre_ZNS_1_2_Z";"Numeric";"[0]*(0|[1-9][0-9]*)";1;2;
"Quantite_ZNS_3_5_2_Z";"Numeric";"[0]*([1-9][0-9]*\.[0-9]{2}|0\.[0-9]{2})";3;5;
"Quantite_ZNS_4_5_2";"Numeric";"[0]*[1-9][0-9]*\.[0-9]{2}";4;5;
"Quantite_ZNS_4_6_2_Z";"Numeric";"[0]*([1-9][0-9]*\.[0-9]{2}|0\.[0-9]{2})";4;6;
"Quantite_ZNS_4_7_2_Z";"Numeric";"[0]*([1-9][0-9]*\.[0-9]{2}|0\.[0-9]{2})";4;7;
"Taux_ZNS_4_6_2";"Numeric";"[0]*([1-9][0-9]*\.[0-9]{2}|0\.(0[1-9]|[1-9][0-9]))";4;6;
"Taux_ZNS_4_6_2_N";"Numeric";"-?[0]*([1-9][0-9]*\.[0-9]{2}|0\.(0[1-9]|[1-9][0-9]))";4;6;
"Taux_ZNS_4_5_2_N";"Numeric";"-?[0]*([1-9][0-9]*\.[0-9]{2}|[0]*\.(0[1-9]|[1-9][0-9]))";4;5;
"Taux_ZNS_5_5_2_Z";"Numeric";"[0]*((0|[1-9][0-9]*)\.[0-9]{2})";5;5;
"Taux_ZNS_4_6_2_Z";"Numeric";"[0]*([1-9][0-9]*\.[0-9]{2}|0\.[0-9]{2})";4;6;
"Taux_ZNS_4_5_2_Z";"Numeric";"[0]*([1-9][0-9]*\.[0-9]{2}|0\.[0-9]{2})";4;5;
"Quantite_ZNS_4_7_2";"Numeric";"[0]*([1-9][0-9]*\.[0-9]{2}|0\.(0[1-9]|[1-9][0-9]))";4;7;
"Motif_reprise_DSN_phase_1";"Enumeration";;2;2;"01=reprise normale;02=reprise temps partiel thérapeutique;03=reprise temps partiel raison personnelle"
"Nombre_ZNS_1_8";"Numeric";"[0]*[1-9][0-9]*";1;8;
"Taux_ZNS_4_5_2";"Numeric";"[0]*([1-9][0-9]*\.[0-9]{2}|0\.(0[1-9]|[1-9][0-9]))";4;5;
"DGFiP_ZNS_Taux_4_6_2_N";"Numeric";"-?[0]*([1-9][0-9]*\.[0-9]{2}|0\.(0[1-9]|[1-9][0-9]))";4;6;
"DGFiP_ZNS_Taux_4_5_2_Z";"Numeric";"[0]?([0-9]*\.[0-9]{2})";4;5;
"DSN_PCS-ESE";"ExternalReferential";;4;4;
"Taux_ZNS_3_3_2";"Numeric";"[0-9]?\.[0-9]{2}";3;3;
"Taux_ZNS_4_4_2";"Numeric";"[0-9]{1}\.[0-9]{2}";4;4;
"CodeRegime";"Enumeration";;3;3;"134=régime spécial de la SNCF;135=régime spécial de la RATP;136=établissement des invalides de la marine (ENIM);137=mineurs ou assimilés (CANMSS);138=militaires de carrière (CNMSS);140=clercs et employés de notaires (CRPCEN);141= chambre de commerce et d'industrie de Paris;144= Assemblée Nationale;145=Sénat;146= port autonome de Bordeaux;147=régime spécial des industries électriques et gazières (CAMIEG);149=régimes des cultes (CAVIMAC);200=régime général (CNAM);300=régime agricole (MSA);400=régime spécial Banque de France;900=autre régime (réservé Polynésie Française, Nouvelle Calédonie);909=travailleur étranger non assujetti à un régime de base risque maladie en France"
"DSN_BIC";"ExternalReferential";;8;11;
"DSN_IBAN";"ExternalReferential";;15;34;
"DSN_Code_Deleg_Gestion";"ExternalReferential";;6;6;
"DSN_AncienCodeOrgaPrevoy";"ExternalReferential";;5;9;
"DSN_Autre_Element_Revenu_Type";"Enumeration";;2;2;"01=Somme versée par un tiers;02=Avantage en nature : repas;03=Avantage en nature : logement;04=Avantage en nature : véhicule;05=Avantage en nature : NTIC;06=Avantage en nature : autres;07=Frais professionnels remboursés au forfait;08=Frais professionnels pris en charge par l'employeur;09=Frais professionnels remboursés au réel;10=Déduction forfaitaire spécifique;11=Participation y compris supplément;12= Intéressement y compris supplément;14=Abondement au plan d'épargne entreprise (PEE);15=Abondement au plan d'épargne interentreprises (PEI);16=Abondement au plan d'épargne pour la retraite collectif (PERCO);17=Participation patronale au financement des titres-restaurant;18=Participation patronale aux frais de transports publics;19=Participation patronale aux frais de transports personnels;23=Bonus exceptionnel DOM;24=Salaire brut retenu pour le calcul de l'indemnité de congés payés;25=Droit d'auteur;26=Droit de doublage;27=Droit de rediffusion;31=Avantages de préretraite versés par l’employeur;33=Sommes provenant d'un CET et réaffectées à un PERCO ou à un régime de retraite supplémentaire;90=Participation au financement des services à la personne;91=Montant de la participation de l'employeur aux chèques vacances"
"DSN_Statut_Emplois";"Enumeration";;2;2;"01=Titulaire de la Fonction publique;02=Non titulaire de la Fonction publique;03=Statutaire;04=Non statutaire;06=Personnel médical hospitalier;07=Médecin sans statut hospitalier;99=Non concerné"
"DSN_AncienneNatureContrat";"Enumeration";;2;2;"01=Contrat de travail à durée indéterminée;02=Contrat de travail à durée déterminée;03=Contrat de mission (contrat de travail temporaire);04=Contrat d'apprentissage;29=Convention de stage;32=Contrat d’appui au projet d’entreprise;70=Contrat de soutien et d'aide par le travail;80=Mandat social;88=Contrat de service civique;90=Autre nature de contrat, convention, mandat;99=Sans contrat de travail ou convention ou mandat"
"Nombre_ZNS_1_12";"Numeric";"[0]*[1-9][0-9]*";1;12;
"Nombre_ZNS_3_5_Z";"Numeric";"[0]*(0|[1-9][0-9]*)";3;5;
"Date_JJMMAAAA";"Date";"(0[1-9]|[1-2][0-9]|3[0-1])(0[1-9]|1[0-2])(19|20)[0-9]{2}";8;8;
"Date_JJMMAAAA_8_8";"Date";;8;8;
"Date_JJMMAAAA_sans_regex";"Date";"(0[1-9]|[1-2][0-9]|3[0-1])(0[1-9]|1[0-2])(19|20)[0-9]{2}";8;8;
"Date_JJMMAAAA_Alpha";"Alphanumeric";;8;8;
"Date_JJMMAAAA_Alpha_regex_19_20";"Alphanumeric";"(0[1-9]|[1-2][0-9]|3[0-1])(0[1-9]|1[0-2])(19|20)[0-9]{2}";8;8;
"RAC_StatutParticulier_DSN_phase_1";"Enumeration";;2;2;"01=Gérant ou collège de gérance;02=Administrateur;03=Directeur Général;04=Président Directeur Général;05=Membre du Directoire;06=Président du Directoire;07=Membre du Conseil de surveillance;08=Président, administrateur, secrétaire ou trésorier d'une association;09=Contrôleur de gestion, membre ou administrateur membre d'un GIE;10=Associé, actionnaire"
"Nombre_ZNS_3_4_Z";"Numeric";"[0]*(0|[1-9][0-9]*)";3;4;
"Nombre_ZNS_1_3";"Numeric";"[0]*[1-9][0-9]*";1;3;
"Nombre_1_9";"Numeric";"[0]*[1-9][0-9]*";1;9;
"Nombre_1_7";"Numeric";;1;7;
"Nombre_1_2";"Numeric";"[0]*(0|[1-9][0-9]*)";1;2;
"Nombre_1_5";"Numeric";"[0-9]*";1;5;
"Nombre_1_3";"Numeric";;1;3;
"Nombre_1_3_regex";"Numeric";"[0]*[1-9][0-9]*";1;3;
"Nombre_3_3";"Numeric";"[0]*[1-9][0-9]*";3;3;
"Nombre_5_5";"Numeric";"[0]\.[0-9]{4}|[1]\.[0]{4}";6;6;
"Nombre_4_6";"Numeric";;4;6;
"Nombre_4_4";"Numeric";;4;4;
"Nombre_4_6_regexp";"Numeric";"[0]*(0|[1-9][0-9]*)\.[0-9]{2}";4;6;
"Nombre_4_6_regexp2";"Numeric";"[0]*([1-9][0-9]*\.[0-9]{2}|0\.[0-9]{2})";4;6;
"Nombre_4_7";"Numeric";;4;7;
"Nombre_4_18";"Numeric";;4;18;
"Nombre_4_12";"Numeric";;4;12;
"Nombre_10_10";"Numeric";;10;10;
"DSN_CodeCategorieJuridique";"ExternalReferential";;4;4;
"Type_Alphanumeric_1-50";"Alphanumeric";;1;50;
"Id_Flux_1-50";"Alphanumeric";"[0-9A-Za-z\.-]*";1;50;
"N4DS_Adresse_Localite";"Alphanumeric";"[A-Za-z0-9\s]+";1;50;
"Motif_Changement_Salarie";"Enumeration";;2;2;"01=entrée du salarié"
"Identifiant_Siren_strict";"Alphanumeric";"[0-9]*[1-9][0-9]*";9;9;
"Identifiant_Nic_strict";"Alphanumeric";"[0-9]*[1-9][0-9]*";5;5;
"DSN_Ref_Ops_5_5";"Enumeration";;2;5;"01=Référentiel externe"
"DSN_Ref_Ops_9_5";"ExternalReferential";;5;9;
"DGFiP_Mode_Paiement";"Enumeration";;2;2;"05=prélèvement SEPA;06=versement réalisé par un autre établissement"
"DSN_Personnel_Couvert";"Enumeration";;2;2;"01=Oui, concerne au moins un salarié de l'établissement d'affectation;02=Non, ne concerne aucun salarié de l'établissement d'affectation"
"Type_Alphanumeric_1-5";"Alphanumeric";;1;5;
"Type_Alphanumeric_2-10";"Alphanumeric";;2;10;
"DSN_Statut_Etranger";"Enumeration";;2;2;"01=travail frontalier;02=travail à l’étranger"
"DGFiP_Mouvement";"Enumeration";;2;2;"22=Sortie de l'organisme"
"DSN_Reference_Adhesion";"Alphanumeric";"[0-9][A-Z]{3}[0-9]{2}[A-Z]{2}";8;8;
"DSN_Travailleur_Etranger";"Enumeration";;2;2;"01=Détaché;02=Expatrié;03=Frontalier;99=Non concerné"
"DSN_Code_Metier";"ExternalReferential";;5;5;
"DSN_Code_regime_risques";"Enumeration";;3;3;"134=régime spécial de la SNCF;135=régime spécial de la RATP;136=établissement des invalides de la marine (ENIM);137=mineurs ou assimilés (CANMSS);147=régime spécial des industries électriques et gazières;200=régime général (CNAM);300=régime agricole (CCMSA);401=risque AT/MP pris en charge totalement par l'employeur (hors périmètre Etat);402=risque AT/MP pris en charge partiellement par l'employeur (hors périmètre Etat);900=autre régime;999=sans régime obligatoire (titulaire des trois fonctions publiques et non-titulaires dont le risque AT est couvert par l'Etat)"
"DSN_Code";"Enumeration";;2;2;"01=honoraires, vacations;02=commissions;03=courtages;04=ristournes;05=jetons de présence;06=droits d'auteur;07=droits d'inventeur;08=autres rémunérations ;11=retenue impôt sur le revenu"
"DSN_Code_Taxe";"Enumeration";;3;3;"001=Assujettissement à la taxe à l'apprentissage;002=Non assujettissement à la taxe à l'apprentissage;003=Assujettissement à la contribution supplémentaire à l’apprentissage;004=Non assujettissement à la contribution supplémentaire à l’apprentissage;005=Assujettissement à la participation des employeurs à l'effort de construction (PEEC);006=Non assujettissement à la participation des employeurs à l'effort de construction (PEEC);007=Assujettissement à la participation à la formation professionnelle continue (FPC);008=Non assujettissement à la participation à la formation professionnelle continue;009=Assujettissement à la taxe sur les salaires;010=Non assujettissement à la taxe sur les salaires;011=Assujettissement à la CVAE;012=Non assujettissement à la CVAE;013=Assujettissement à la participation des employeurs à la formation continue des CDD;014=Non assujettissement à la participation des employeurs à la formation continue des CDD;015=Assiette de la taxe sur les salaires au premier taux;016=Assiette de la taxe sur les salaires au deuxième taux;017=Assiette de la taxe sur les salaires au troisième taux"
"DSN_Code_Cotisation";"Enumeration";;3;3;"001=Cotisation ADPFA (Association pour le Développement du Paritarisme des Fleuristes et Animaliers);002=Cotisation APNAB (Association Paritaire Nationale pour le développement de la négociation collective dans l'Artisanat du Bâtiment);003=Cotisation sur assiette avec congés payés CCCA-BTP (Comité de Concertation et de Coordination de l'apprentissage du Bâtiment et des Travaux Publics);004=Cotisation CPPNTT (Commission Paritaire Professionnelle Nationale du Travail Temporaire);005=Cotisation Développement du paritarisme;006=Cotisation Dialogue social;007=Cotisation FAF (Fonds d'Assurance formation);009=Cotisation FAPS (Fonds d'action professionnelle et sociale);010=Cotisation FASTT (Fonds d'Action Sociale du Travail Temporaire);011=Cotisation Fonds de péréquation;012=Cotisation IFC (Indemnités de fin de carrière);017=Cotisation ORGA (Organisations Syndicales  du Travail Temporaire);018=Cotisation Promotion et recrutement;019=Cotisations attachées à une population de non salariés ayants-droit;020=Cotisations attachées à une population de non salariés retraités;021=Cotisations FMSE (Fond national agricole de mutualisation des risques sanitaires et environnementaux);022=Cotisations VAL'HOR (association française pour la valorisation des produits et métiers de l'horticulture et du paysage);023=Chiffre d'affaire;024=Nombre d'heures d'intérim;025=Contribution aux régimes supplémentaires de retraite à prestations définies - Rente;026=Contribution aux régimes supplémentaires de retraite à prestations définies - Prime;027=Contribution aux régimes supplémentaires de retraite à prestations définies - Dotations;028=Contribution additionnelle sur les rentes liquidées;029=Contribution aux régimes supplémentaires de retraite à prestations définies. Rente à taux 7%;030=Contribution aux régimes supplémentaires de retraite à prestations définies. Rente à taux 14%;031=Contribution additionnelle de solidarité pour l'autonomie;032=Contribution Sociale généralisée au taux de 3,80% + RDS sur revenu de remplacement ;033=Contribution Sociale généralisée au taux de 6,20% + RDS sur revenu de remplacement ;034=Contribution Sociale généralisée au taux de 6,60% + RDS sur revenu de remplacement ;035=Contribution Sociale généralisée au taux de 7,50% + RDS sur revenu de remplacement ;036=Cotisation TTC sur assiette CDD avec congés payés pour le secteur du BTP (Constructys Organisme Paritaire Collecteur Agréé pour le BTP);037=Cotisation TTC sur assiette avec congés payés pour le secteur du BTP (Constructys Organisme Paritaire Collecteur Agréé pour le BTP);038=Cotisation TTC  sur assiette sans  congés payés (Constructys Organisme Paritaire Collecteur Agréé pour le BTP);039=Cotisation TTC  sur assiette avec congés payés pour les salariés non soumis à la cotisation CCCA-BTP (Constructys Organisme Paritaire Collecteur Agréé pour le BTP);040=Cotisation TTC  sur assiette hors congés payés pour les salariés non soumis à la cotisation CCCA-BTP (Constructys Organisme Paritaire Collecteur Agréé pour le BTP);041=Cotisation maladie sur les avantages de préretraite;042=Cotisation maladie sur les avantages de retraite;043=Cotisation maladie Alsace-Moselle sur les avantages de retraite;044=Cotisation forfait social à 8%;045=Cotisation forfait social à 20%;090=Cotisation spécifique Prévoyance"
"DSN_Anciennete_Type";"Enumeration";;2;2;"01=Ancienneté dans l'entreprise ou le groupe;02=Ancienneté dans la branche professionnelle ou le secteur d'activité;03=Ancienneté dans le collège ou la catégorie professionnelle;04=Ancienneté dans le poste;05=Ancienneté du salarié dans la profession du BTP"
"DSN_Anciennete_Unite_Mesure";"Enumeration";;2;2;"01=Jours;02=Mois;03=Années"
"DSN_Salarie_temps_partiel";"Enumeration";;2;2;"01=pour la vieillesse régime de base;02=pour la vieillesse régime de base et la retraite complémentaire"
"DSN_Remuneration_Pourboire";"Enumeration";;2;2;"01=oui"
"DSN_Code_Emplois_Multiples";"Enumeration";;2;2;"01=emploi unique;02=emplois multiples;03=situation non connue"
"DSN_Code_Employeur_Multiples";"Enumeration";;2;2;"01=employeur unique;02=employeurs multiples;03=situation non connue"
"DSN_Code_Risque_ATMP";"ExternalReferential";;5;6;
"DSN_Code_Statut_Categoriel_APECITA";"Enumeration";;2;2;"01=salarié cadre;02=salarié non cadre"
"DSN_Type_Personnel";"Enumeration";;2;2;"01=Effectifs employés par l'établissement exerçant leur activité dans un établissement de l'entreprise;02=Autres situations : Effectifs employés par l'établissement exerçant leur activité dans une entreprise tierce ou dans un lieu du type chantier"
"DSN_Devise_Paiement";"Enumeration";;2;2;"01=euro;02=franc Pacifique"
"DSN_Implantation_Entreprise";"Enumeration";;2;2;"01=Entreprise étrangère avec établissement en France;02=Entreprise étrangère hors UE sans établissement en France;03=Entreprise étrangère dans l’UE sans établissement en France"
"DSN_Type_Gestion_Assu_Chomage";"Enumeration";;2;2;"01=employeur en auto-assurance;02=employeur ayant conclu une convention de gestion;03=employeur ayant adhéré au régime d'Assurance chômage (adhésion révocable);04=employeur ayant adhéré au régime d'Assurance chômage (adhésion non révocable)"
"DSN_Alsace_Moselle";"Enumeration";;2;2;"01=Oui"
"DSN_Ayant_Droit_Type";"Enumeration";;2;2;"01=adulte (conjoint, concubin, pacs);02=enfant;03=autre (ascendant, collatéraux, …)"
"DSN_Etablissement_EffectifFinPeriode";"Numeric";"[0]*(0|[1-9][0-9]*)";1;6;
"DSN_Entreprise_effectif";"Numeric";"[0]*[1-9][0-9]*";1;7;
"Type_Alphanumeric_7-7";"Alphanumeric";"[2][0][1-9][0-9](M01|M02|M03|M04|M05|M06|M07|M08|M09|M10|M11|M12|T01|T02|T03|T04|S01|S02|A00|E00)";7;7;
"Nombre_1_6";"Numeric";"[0]*(0|[1-9][0-9]*)";1;6;
"DSN_NIR";"Alphanumeric";"[1-2][0-9]{2}(0[1-9]|1[0-2]|20|3[0-9]|4[0-2]|[5-9][0-9])(0[1-9]|[1-9][0-9]|2A|2B)([0]{2}[1-9]|0[1-9][0-9]|[1-9][0-9]{2})([0]{2}[1-9]|0[1-9][0-9]|[1-9][0-9]{2})|([1-2][9]{12})";13;13;
"DSN_Numero_Contrat";"Alphanumeric";"[A-Z0-9]";5;20;
"DSN_Nombre_Enfants_Charge_Individu";"Numeric";"[0-9]*";1;2;
"DSN_Identifiant_Lieu_Travail";"Alphanumeric";;2;14;
"DSN_Identifiant_Technique_Adhesion";"Alphanumeric";"[1-9][0-9]*";1;3;
"DSN_SIRET_Payeur";"Alphanumeric";"[0-9]*[1-9][0-9]*";14;14;
"DSN_Nombre_Enfants_Charge_Prevoyance";"Numeric";"[0]*(0|[1-9][0-9]*)";1;2;
"DSN_Nombre_Ayant_Droit";"Numeric";"[0]*(0|[1-9][0-9]*)";1;2;
"Identifiant_Technique_Adhesion";"Alphanumeric";"[1-9][0-9]*";1;3;
"DSN_Reference_Reglementaire_Contractuelle";"Alphanumeric";;1;20;
"DSN_Penibilite_Facteur_Exposition";"Enumeration";;2;2;"01=les manutentions manuelles de charges;02=les postures pénibles (positions forcées des articulations);03=les vibrations mécaniques;04=les agents chimiques dangereux;05=les activités exercées en milieu hyperbare;06=les températures extrêmes;07=le bruit;08=le travail de nuit;09=le travail en équipes successives alternantes;10=le travail répétitif (répétition d'un même geste, à une cadence contrainte avec un temps de cycle défini);99=annulation"
"DSN_Code_Contexte";"Enumeration";;2;2;"01=oui;02=non"
"Nombre_1_8";"Numeric";;1;8;
"Nombre_1_8_regex";"Numeric";"[0]*[1-9][0-9]*";1;8;
"DSN_Code_Caisse";"ExternalReferential";;2;6;
"DSN_Localite";"Alphanumeric";"[A-Za-z0-9\s]+";1;50;
"DSN_Etablissement_Nature_Juridique";"Enumeration";;2;2;"01=Privée;02=Publique;03=Etablissement privé à capitaux majoritaires publics"
"DSN_Code_Delegataire_Risque_Maladie";"Enumeration";;3;3;"501=MGEN - Section Extra-Métropolitaine;505=MAGE - CPAM75 - Mutuelle autonome générale de l'éducation;506=MGEN;512=MG - Mutuelle Générale;516=MNAM - Mutuelle Nationale Aviation Marine;523=MCF - Mutuelle Centrale des Finances;533=Mutuelle des Relations Extérieures (MAE);537=MGP - Mutuelle Générale de la Police;555=SMPPN - Société Mutualiste du Personnel de la Police Nationale;599=MFP - Mutuelle de la fonction publique et MGAS - Mutuelle Générale des Affaires Sociales;601=LMDE - La Mutuelle des Étudiants;602=MCVPAP - Mutuelle Complémentaire de la Ville de Paris. de l'Assistance Publique et des Administrations Annexes;604=MMI - Mutuelle du Ministère de l'Intérieur et MPN- Mutuelle de la Police Nationale de Strasbourg;606=MNFCT - Mutuelle Nationale des fonctionnaires des collectivités territoriales;607=SLTC -Transports en Commun de Lyon;609=MNT- Mutuelle Nationale Territoriale;610=HCL - Hospices Civils de Lyon;612=UPBTP - Bâtiments et Travaux Publics de Lyon et Mutuelle Boissière du Bâtiment (Dieppe et Rouen);613=MGAT Chartres et MUTAME Nantes - Mutuelle des Personnels municipaux;614=MICILS - UMIGA SOGIREL. UPES - Mutuelle Interprofessionnelle des Cadres. Ingénieurs de la région Lyonnaise et stéphanoise;616=Mutuelle de municipaux de Marseille;617=Sociétés d'Étudiants Mutualistes (SMEBA - SMERRA - SMESO - SMENO - MEP - MGEL – SMEREB - SMECO - SMEREP - SMERE);618=VITTAVI pour DOM;619=MNH - Mutuelle Nationale des Hospitalier, y compris certaines mutuelles des personnels municipaux;651=Mutuelle des Personnels Municipaux et Hospitaliers de Tours. Mulhouse. Poitiers;652=COVIMUT - Poitiers (Transports en commun);654=Mutuelle de la Mairie de Toulouse CGFTE - Bordeaux (Transports en commun);689=Mutuelle de l'Est - Section de Strasbourg"
"DSN_Codification_UE";"Enumeration";;2;2;"01=France;02=UE;03=EEE;04=Reste du Monde"
"DSN_ActionsGratuites_Code_Contexte";"Enumeration";;2;2;"01=oui;02=non"
"Nombre_4_12_regex";"Numeric";"[0]*([1-9][0-9]*\.[0-9]{2}|0\.(0[1-9]|[1-9][0-9]))";4;12;
"Nombre_4_12_regex2";"Numeric";"-?[0]*([1-9][0-9]*\.[0-9]{2}|0\.(0[1-9]|[1-9][0-9]))";4;12;
"DSN_VehiculeTechnique_Code_Modalite_Indemnite";"Enumeration";;2;2;"01=allocations forfaitaires;02=remboursement;03=prise en charge par l'employeur"
"DSN_VehiculeTechnique_Code_Type_Avantage_Nature";"Enumeration";;2;2;"01=nourriture;02=logement;03=voiture;04=nouvelles technologies de l'Informatique et de la Communication;09=autre avantage"
"DSN_VehiculeTechnique_Code_Taux_Reduit_Dispense";"Enumeration";;1;1;"D=dispense de retenue à la source;R=taux réduit de retenue à la source"
"DSN_CodeStatutCategorielAPECITA";"Enumeration";;2;2;"01=salarié cadre;02=salarié non cadre"
"DSN_TravailleurEtranger";"Enumeration";;2;2;"01=Détaché;02=Expatrié;03=Frontalier;99=Non concerné"
"DGFiP_ContactDeclare";"Enumeration";;2;2;"11=Contact chez le déclaré pour PASRAU"
"Date_Alpha_14";"Alphanumeric";"[0-9]{14}";14;14;
"DSN_SiretCentralisateur";"Alphanumeric";"[0-9]*[1-9][0-9]*";14;14;
"Nombre_2_2";"Numeric";;2;2;
"DSN_Code_Caisse_Professionnel";"Alphanumeric";;2;20;
"DSN_VehiculeTechnique_Millesime";"Numeric";;4;4;
"Type_Alphanumeric_8-8";"Alphanumeric";;8;8;
"DSN_IndividuAgircArrco_StatutConventionnel";"Enumeration";;2;2;"03=cadre dirigeant (votant au collège employeur des élections prud'hommales);04=autres cadres au sens de la convention collective (ou du statut pour les régimes spéciaux);05=profession intermédiaire (technicien, contremaître, agent de maîtrise, clergé);06=employé administratif d'entreprise, de commerce, agent de service;07=ouvriers qualifiés et non qualifiés y compris ouvriers agricoles;08=agent de la fonction publique d'Etat"
"DSN_IndividuAgircArrco.StatutRetraiteComplementaire";"Enumeration";;2;2;"01=cadre (article 4 et 4bis);02=extension cadre pour retraite complémentaire;04=non cadre"
"DSN_BasesSpecifiqueAgircArrco_Type";"Enumeration";;2;2;"01=Allocation de chômage pour les entreprises en auto-assurance chômage;02=Allocation de cessation anticipée d'activité Amiante;03=Allocation de pré-retraite suite à rupture du contrat"
"DSN_BasesSpecifiqueAgircArrco_CodeBaseSpecifique";"Enumeration";;2;2;"23=Base exceptionnelle Agirc Arrco;43=Base plafonnée exceptionnelle Agirc Arrco"
"REF_ART";"ExternalReferential";;6;6;
"REF_ASSU";"ExternalReferential";;6;6;
"REF_CCLA";"ExternalReferential";;1;5;
"REF_CCP";"ExternalReferential";;2;5;
"REF_CMET";"ExternalReferential";;5;5;
"REF_CPCP";"ExternalReferential";;2;2;
"REF_DLGASSU";"ExternalReferential";;6;6;
"REF_DLGMUT";"ExternalReferential";;6;6;
"REF_DLGOCI";"ExternalReferential";;6;6;
"REF_DLGPREV";"ExternalReferential";;6;6;
"REF_HEX";"ExternalReferential";;5;5;
"REF_IBC";"ExternalReferential";;14;14;
"REF_ICI";"ExternalReferential";;2;14;
"REF_IDCC";"ExternalReferential";;4;4;
"REF_INSEE";"ExternalReferential";;5;5;
"REF_IVO";"ExternalReferential";;4;17;
"REF_IVO2";"ExternalReferential";;2;14;
"REF_MUT";"ExternalReferential";;9;9;
"REF_NAF";"ExternalReferential";;5;5;
"REF_NEHMED";"ExternalReferential";;4;4;
"REF_OCI";"ExternalReferential";;9;9;
"REF_ODN";"ExternalReferential";;2;6;
"REF_PAY";"ExternalReferential";;2;2;
"REF_PAYS";"ExternalReferential";;2;2;
"REF_PCSESE";"ExternalReferential";;4;4;
"REF_PREV";"ExternalReferential";;5;5;
"REF_RAT";"ExternalReferential";;5;6;
"REF_RRC";"ExternalReferential";;2;6;
"Type_Alphanumeric_2-3";"Alphanumeric";;2;3;
"Date_alpha_suivi";"Alphanumeric";"(0[1-9]|[1-2][0-9]|3[0-1])(0[1-9]|1[0-2])(19|20)[0-9]{2}";8;8;
"Annee_2000";"Numeric";"2([0-9]{3})";4;4;
"Type_Alphanumeric_1_3";"Alphanumeric";;1;3;
"DGFiP_type_taux_PAS";"Enumeration";;2;2;"01=Taux transmis par la DGFIP;13=Barème mensuel métropole;17=Barème mathématique sur base mensuelle métropole;23=Barème mensuel Guadeloupe, Réunion et Martinique;27=Barème mathématique sur base mensuelle Guadeloupe, Réunion et Martinique;33=Barème mensuel Guyane et Mayotte;37=Barème mathématique sur base mensuelle Guyane et Mayotte;99=Indu relatif à un exercice antérieur"
"Date_MMAAAA";"Alphanumeric";"(0[1-9]|1[0-2])(19|20)[0-9]{2}";6;6;
"DGFiP_Type_Erreur";"Enumeration";;2;2;"01=Rectification sur rémunération nette fiscale;02=Rectification sur taux;03=Cas de trop-versé"
"DGFiP_Devise_Paiement";"Enumeration";;2;2;"01=euro"
"DGFiP_ID_Taux_PAS";"Numeric";"(-1|0|[1-9][0-9]{0,17})";1;18;
"DGFiP_numero_versement";"Numeric";;1;2;
"Identifiant_Organisme";"Enumeration";;5;5;"DGFiP=Direction Générale des Finances Publiques"
"Identifiant_Nir_13_regex";"Alphanumeric";"[1-2][0-9]{2}(0[1-9]|1[0-2]|00|[2-3][0-9]|4[0-2]|[5-9][0-9])(0[1-9]|[1-9][0-9]|2A|2B)([0]{2}[1-9]|0[1-9][0-9]|[1-9][0-9]{2})([0]{2}[1-9]|0[1-9][0-9]|[1-9][0-9]{2})|([1-2][9]{12})";13;13;
"DGFiP_Taux_PAS";"Numeric";"[0-9]{1,2}\.[0-9]{2}";4;5;
"CodePostal";"Numeric";"[0-9]{5}";5;5;
"CodePostalAlpha";"Alphanumeric";"[0-9]{5}";5;5;
